departamento,municipio,votos,atipico_volumen
BOGOTA DC,BOGOTA DC,3705960,True
ANTIOQUIA,MEDELLIN,1009878,True
VALLE DEL CAUCA,CALI,883217,True
ATLANTICO,BARRANQUILLA,501970,True
NORTE DE SANTANDER,SAN JOSE DE CUCUTA,320722,True
SANTANDER,BUCARAMANGA,306948,True
BOLIVAR,CARTAGENA DE INDIAS,304264,True
TOLIMA,IBAGUE,255315,True
RISARALDA,PEREIRA,234395,True
META,VILLAVICENCIO,225253,True
CALDAS,MANIZALES,208805,True
ANTIOQUIA,BELLO,185544,True
MAGDALENA,SANTA MARTA,170079,True
NARINO,PASTO,165889,True
CORDOBA,MONTERIA,162884,True
HUILA,NEIVA,156239,True
CESAR,VALLEDUPAR,152118,True
CUNDINAMARCA,SOACHA,151985,True
ANTIOQUIA,ENVIGADO,151487,True
QUINDIO,ARMENIA,148610,True
ANTIOQUIA,ITAGUI,144413,True
VALLE DEL CAUCA,PALMIRA,138208,True
CAUCA,POPAYAN,137183,True
SANTANDER,FLORIDABLANCA,129101,True
ATLANTICO,SOLEDAD,121417,True
CONSULADOS,ESTADOS UNIDOS,112815,True
SUCRE,SINCELEJO,107787,True
SANTANDER,BARRANCABERMEJA,99139,True
RISARALDA,DOSQUEBRADAS,94904,True
VALLE DEL CAUCA,TULUA,88304,True
VALLE DEL CAUCA,BUENAVENTURA,87362,True
BOYACA,TUNJA,82722,True
CASANARE,YOPAL,73818,True
ANTIOQUIA,RIONEGRO,71814,True
SANTANDER,GIRON,71190,True
SANTANDER,PIEDECUESTA,70905,True
CAQUETA,FLORENCIA,67718,True
CUNDINAMARCA,CHIA,66474,True
CUNDINAMARCA,FACATATIVA,63969,True
CUNDINAMARCA,FUSAGASUGA,63732,True
CUNDINAMARCA,ZIPAQUIRA,60968,True
BOYACA,SOGAMOSO,60309,True
BOYACA,DUITAMA,59110,True
VALLE DEL CAUCA,CARTAGO,57823,True
VALLE DEL CAUCA,GUADALAJARA DE BUGA,57616,True
HUILA,PITALITO,52416,True
VALLE DEL CAUCA,JAMUNDI,52272,True
VALLE DEL CAUCA,YUMBO,51741,True
CUNDINAMARCA,MOSQUERA,49645,True
LA GUAJIRA,RIOHACHA,49327,True
CUNDINAMARCA,GIRARDOT,48377,True
NARINO,SAN ANDRES DE TUMACO,47813,True
ANTIOQUIA,SABANETA,47259,True
CUNDINAMARCA,FUNZA,47063,True
CUNDINAMARCA,MADRID,44317,True
NORTE DE SANTANDER,OCANA,43863,True
CORDOBA,LORICA,43813,True
ANTIOQUIA,APARTADO,43472,True
META,ACACIAS,43036,True
BOLIVAR,MAGANGUE,42826,True
NARINO,IPIALES,41858,True
CAUCA,SANTANDER DE QUILICHAO,41827,True
NORTE DE SANTANDER,LOS PATIOS,40917,True
CESAR,AGUACHICA,40134,True
NORTE DE SANTANDER,VILLA DEL ROSARIO,39752,True
CORDOBA,SAHAGUN,39655,True
CORDOBA,CERETE,38817,True
ANTIOQUIA,CALDAS,38672,True
LA GUAJIRA,MAICAO,38399,True
ATLANTICO,MALAMBO,38185,True
ANTIOQUIA,COPACABANA,37753,True
RISARALDA,SANTA ROSA DE CABAL,36683,True
VALLE DEL CAUCA,CANDELARIA,36340,True
ARAUCA,ARAUCA,35774,True
ATLANTICO,SABANALARGA,35649,True
CHOCO,QUIBDO,35499,True
MAGDALENA,CIENAGA,35224,True
CONSULADOS,VENEZUELA,35007,True
TOLIMA,ESPINAL,34780,True
CUNDINAMARCA,CAJICA,34702,True
ANTIOQUIA,TURBO,34615,True
QUINDIO,CALARCA,34533,True
ANTIOQUIA,LA ESTRELLA,33242,True
ANTIOQUIA,LA CEJA,33146,True
ANTIOQUIA,CAUCASIA,31518,True
CORDOBA,MONTELIBANO,28974,True
CALDAS,LA DORADA,28891,True
NORTE DE SANTANDER,PAMPLONA,28663,True
HUILA,GARZON,28527,True
META,GRANADA,28405,True
ANTIOQUIA,MARINILLA,27208,True
SUCRE,COROZAL,27187,True
CONSULADOS,ESPANA,26946,True
VALLE DEL CAUCA,EL CERRITO,26746,True
ANTIOQUIA,GIRARDOTA,26402,True
CALDAS,VILLAMARIA,26357,True
VALLE DEL CAUCA,FLORIDA,26060,True
SANTANDER,SAN GIL,25738,True
BOLIVAR,TURBACO,25429,True
CALDAS,CHINCHINA,25052,True
BOYACA,CHIQUINQUIRA,24604,True
ANTIOQUIA,EL CARMEN DE VIBORAL,24599,True
CORDOBA,PLANETA RICA,24486,True
CORDOBA,TIERRALTA,24040,True
CORDOBA,CIENAGA DE ORO,23810,True
ATLANTICO,BARANOA,23552,True
BOLIVAR,EL CARMEN DE BOLIVAR,23185,True
ANTIOQUIA,GUARNE,23178,True
MAGDALENA,FUNDACION,22883,True
HUILA,LA PLATA,22174,True
CESAR,AGUSTIN CODAZZI,21966,True
CORDOBA,CHINU,21566,True
MAGDALENA,EL BANCO,21291,True
ANTIOQUIA,BARBOSA,21133,True
BOYACA,PUERTO BOYACA,21100,True
CALDAS,RIOSUCIO,20855,True
SUCRE,SAN MARCOS,20718,True
BOLIVAR,ARJONA,20586,True
VALLE DEL CAUCA,PRADERA,20572,True
CUNDINAMARCA,TOCANCIPA,19807,True
PUTUMAYO,PUERTO ASIS,19796,True
ANTIOQUIA,CHIGORODO,19714,True
CUNDINAMARCA,VILLA DE SAN DIEGO DE UBATE,19690,True
CASANARE,AGUAZUL,19482,True
SANTANDER,LEBRIJA,19427,True
PUTUMAYO,MOCOA,19119,True
VALLE DEL CAUCA,ZARZAL,19110,True
SUCRE,SAMPUES,18610,False
GUAVIARE,SAN JOSE DEL GUAVIARE,18473,False
LA GUAJIRA,URIBIA,18340,False
ANTIOQUIA,CAREPA,18306,False
CAUCA,PUERTO TEJADA,18268,False
ANTIOQUIA,EL SANTUARIO,18253,False
TOLIMA,CHAPARRAL,17893,False
SUCRE,SAN ONOFRE,17738,False
MAGDALENA,PLATO,17725,False
QUINDIO,MONTENEGRO,17537,False
VALLE DEL CAUCA,SEVILLA,17491,False
ARAUCA,TAME,17476,False
CORDOBA,SAN PELAYO,17429,False
ATLANTICO,PUERTO COLOMBIA,17079,False
ATLANTICO,GALAPA,16975,False
MAGDALENA,ZONA BANANERA,16970,False
TOLIMA,MELGAR,16734,False
CUNDINAMARCA,COTA,16711,False
RISARALDA,LA VIRGINIA,16686,False
ARAUCA,SARAVENA,16593,False
TOLIMA,LIBANO,16585,False
LA GUAJIRA,SAN JUAN DEL CESAR,16575,False
BOYACA,PAIPA,16527,False
CUNDINAMARCA,SIBATE,16492,False
VALLE DEL CAUCA,ROLDANILLO,16415,False
CONSULADOS,CANADA,15992,False
NARINO,TUQUERRES,15984,False
VALLE DEL CAUCA,DAGUA,15791,False
META,PUERTO GAITAN,15678,False
QUINDIO,QUIMBAYA,15626,False
VALLE DEL CAUCA,LA UNION,15567,False
QUINDIO,LA TEBAIDA,15515,False
ANTIOQUIA,SANTA ROSA DE OSOS,15498,False
ANTIOQUIA,ANDES,15404,False
CALDAS,ANSERMA,15399,False
CASANARE,PAZ DE ARIPORO,15240,False
CESAR,LA JAGUA DE IBIRICO,15003,False
TOLIMA,SAN SEBASTIAN DE MARIQUITA,14898,False
VALLE DEL CAUCA,GUACARI,14839,False
ANTIOQUIA,YARUMAL,14738,False
NORTE DE SANTANDER,TIBU,14630,False
CUNDINAMARCA,LA MESA,14597,False
AMAZONAS,LETICIA,14559,False
CUNDINAMARCA,LA CALERA,14441,False
SANTANDER,SOCORRO,14429,False
ANTIOQUIA,SONSON,14313,False
SANTANDER,BARBOSA,14300,False
ANTIOQUIA,PUERTO BERRIO,14276,False
CASANARE,VILLANUEVA,14234,False
CUNDINAMARCA,VILLETA,13952,False
BOLIVAR,SANTA CRUZ DE MOMPOX,13946,False
CESAR,BOSCONIA,13912,False
CORDOBA,SAN ANDRES DE SOTAVENTO,13879,False
META,PUERTO LOPEZ,13832,False
QUINDIO,CIRCASIA,13805,False
VALLE DEL CAUCA,CAICEDONIA,13788,False
CAUCA,EL TAMBO,13721,False
SANTANDER,CIMITARRA,13706,False
LA GUAJIRA,FONSECA,13683,False
BOLIVAR,SAN JUAN NEPOMUCENO,13547,False
CAUCA,PIENDAMO  TUNIA,13492,False
SUCRE,MAJAGUAL,13366,False
CUNDINAMARCA,SOPO,13364,False
HUILA,CAMPOALEGRE,13357,False
SUCRE,SAN LUIS DE SINCE,13331,False
CAQUETA,SAN VICENTE DEL CAGUAN,13321,False
TOLIMA,GUAMO,13162,False
PUTUMAYO,ORITO,13054,False
CESAR,CURUMANI,13035,False
TOLIMA,FRESNO,13008,False
CAUCA,TIMBIO,12901,False
BOLIVAR,MARIA LA BAJA,12783,False
CORDOBA,AYAPEL,12671,False
ATLANTICO,SANTO TOMAS,12578,False
CUNDINAMARCA,EL COLEGIO,12535,False
SUCRE,SANTIAGO DE TOLU,12496,False
CUNDINAMARCA,GUADUAS,12463,False
CAUCA,MIRANDA,12326,False
CORDOBA,PUERTO LIBERTADOR,12283,False
HUILA,SAN AGUSTIN,12210,False
CUNDINAMARCA,PACHO,12091,False
ATLANTICO,SABANAGRANDE,12061,False
SANTANDER,RIONEGRO,12000,False
ANTIOQUIA,RETIRO,11974,False
CUNDINAMARCA,EL ROSAL,11930,False
ANTIOQUIA,NECOCLI,11924,False
CORDOBA,PUEBLO NUEVO,11924,False
SANTANDER,PUERTO WILCHES,11882,False
ARAUCA,ARAUQUITA,11845,False
SANTANDER,SAN VICENTE DE CHUCURI,11843,False
CAUCA,BOLIVAR,11780,False
CALDAS,SUPIA,11733,False
ANTIOQUIA,EL BAGRE,11717,False
MAGDALENA,PIVIJAY,11705,False
CAUCA,SILVIA,11689,False
TOLIMA,HONDA,11664,False
CESAR,EL PASO,11627,False
SANTANDER,SABANA DE TORRES,11613,False
TOLIMA,ORTEGA,11582,False
PUTUMAYO,VALLE DEL GUAMUEZ,11577,False
ARCHIPIELAGO DE SAN ANDRES PROVIDENCIA Y SANTA CATALINA,SAN ANDRES,11572,False
NARINO,CUMBAL,11470,False
ANTIOQUIA,SAN PEDRO DE LOS MILAGROS,11445,False
CASANARE,TAURAMENA,11433,False
RISARALDA,BELEN DE UMBRIA,11359,False
NORTE DE SANTANDER,ABREGO,11310,False
NARINO,LA UNION,11295,False
ANTIOQUIA,LA UNION,11234,False
SUCRE,OVEJAS,11213,False
HUILA,ISNOS,11208,False
CAUCA,CALOTO,11171,False
BOLIVAR,SANTA ROSA DEL SUR,11158,False
CAUCA,CALDONO,11157,False
MAGDALENA,ARACATACA,11135,False
META,CUMARAL,11124,False
NORTE DE SANTANDER,EL ZULIA,11091,False
CUNDINAMARCA,TABIO,11054,False
META,SAN MARTIN,11035,False
CUNDINAMARCA,TENJO,11034,False
CESAR,EL COPEY,10986,False
CAUCA,TORIBIO,10806,False
CORDOBA,SAN BERNARDO DEL VIENTO,10806,False
CORDOBA,TUCHIN,10805,False
CALDAS,NEIRA,10785,False
HUILA,ACEVEDO,10777,False
ANTIOQUIA,CIUDAD BOLIVAR,10748,False
TOLIMA,PURIFICACION,10708,False
HUILA,PALERMO,10665,False
SUCRE,LOS PALMITOS,10646,False
CORDOBA,SAN ANTERO,10606,False
CAUCA,CORINTO,10537,False
ANTIOQUIA,AMAGA,10460,False
RISARALDA,QUINCHIA,10435,False
CORDOBA,VALENCIA,10336,False
CESAR,CHIMICHAGUA,10311,False
CESAR,CHIRIGUANA,10272,False
LA GUAJIRA,MANAURE,10243,False
MAGDALENA,ARIGUANI,10160,False
ANTIOQUIA,ARBOLETES,10156,False
CUNDINAMARCA,SILVANIA,10151,False
CESAR,SAN ALBERTO,10149,False
SUCRE,SAN JOSE DE TOLUVIEJO,10134,False
VALLE DEL CAUCA,BUGALAGRANDE,10083,False
ATLANTICO,REPELON,10079,False
CALDAS,AGUADAS,10039,False
CAUCA,PATIA,9935,False
ANTIOQUIA,SANTA BARBARA,9925,False
CUNDINAMARCA,COGUA,9877,False
ANTIOQUIA,SAN VICENTE FERRER,9863,False
LA GUAJIRA,BARRANCAS,9859,False
ANTIOQUIA,SANTA FE DE ANTIOQUIA,9856,False
HUILA,GIGANTE,9800,False
BOYACA,MONIQUIRA,9787,False
BOLIVAR,SAN JACINTO,9779,False
CESAR,SAN MARTIN,9734,False
TOLIMA,FLANDES,9674,False
VALLE DEL CAUCA,ANDALUCIA,9659,False
CESAR,LA PAZ,9646,False
ANTIOQUIA,SAN PEDRO DE URABA,9518,False
VALLE DEL CAUCA,GINEBRA,9454,False
SANTANDER,MALAGA,9425,False
CAUCA,PAEZ,9321,False
CAUCA,CAJIBIO,9299,False
META,RESTREPO,9279,False
ATLANTICO,PALMAR DE VARELA,9265,False
ATLANTICO,LURUACO,9161,False
ANTIOQUIA,PENOL,9131,False
HUILA,TIMANA,9071,False
HUILA,RIVERA,9067,False
SUCRE,SUCRE,9058,False
LA GUAJIRA,VILLANUEVA,9043,False
CALDAS,PENSILVANIA,9029,False
NARINO,SAMANIEGO,8996,False
ANTIOQUIA,DONMATIAS,8965,False
CUNDINAMARCA,CHOCONTA,8962,False
CUNDINAMARCA,CAQUEZA,8872,False
CUNDINAMARCA,VILLAPINZON,8803,False
TOLIMA,PLANADAS,8751,False
CALDAS,SAMANA,8717,False
PUTUMAYO,VILLAGARZON,8694,False
TOLIMA,ROVIRA,8677,False
SANTANDER,VELEZ,8661,False
CONSULADOS,ARGENTINA,8611,False
BOYACA,NOBSA,8605,False
CAUCA,GUACHENE,8595,False
ATLANTICO,CAMPO DE LA CRUZ,8590,False
NARINO,BUESACO,8542,False
CAUCA,INZA,8463,False
SUCRE,SAN PEDRO,8460,False
CUNDINAMARCA,SUBACHOQUE,8450,False
META,CASTILLA LA NUEVA,8446,False
CAUCA,ARGELIA,8348,False
GUAINIA,INIRIDA,8325,False
CHOCO,ISTMINA,8297,False
ANTIOQUIA,URRAO,8287,False
NORTE DE SANTANDER,CHINACOTA,8280,False
SUCRE,SAN BENITO ABAD,8270,False
VALLE DEL CAUCA,ANSERMANUEVO,8245,False
CORDOBA,SAN CARLOS,8208,False
CUNDINAMARCA,LA VEGA,8198,False
CESAR,RIO DE ORO,8191,False
CONSULADOS,ECUADOR,8177,False
CONSULADOS,CHILE,8149,False
MAGDALENA,GUAMAL,8102,False
CAUCA,MORALES,8100,False
CAUCA,VILLA RICA,8081,False
SUCRE,GALERAS,8066,False
TOLIMA,CAJAMARCA,8018,False
RISARALDA,MARSELLA,7971,False
META,GUAMAL,7926,False
CALDAS,MANZANARES,7908,False
BOLIVAR,MAHATES,7897,False
CAUCA,BUENOS AIRES,7895,False
CONSULADOS,AUSTRALIA,7891,False
BOLIVAR,SAN PABLO,7861,False
ATLANTICO,JUAN DE ACOSTA,7827,False
ATLANTICO,PONEDERA,7795,False
TOLIMA,LERIDA,7749,False
NORTE DE SANTANDER,SARDINATA,7725,False
ATLANTICO,POLONUEVO,7719,False
LA GUAJIRA,DIBULLA,7698,False
CAQUETA,PUERTO RICO,7697,False
HUILA,AIPE,7686,False
VALLE DEL CAUCA,TRUJILLO,7677,False
NARINO,SANDONA,7665,False
ANTIOQUIA,SEGOVIA,7663,False
SUCRE,MORROA,7662,False
LA GUAJIRA,ALBANIA,7658,False
CORDOBA,COTORRA,7657,False
BOYACA,SAMACA,7648,False
BOYACA,VILLA DE LEYVA,7644,False
CALDAS,VITERBO,7598,False
CORDOBA,MOMIL,7573,False
VALLE DEL CAUCA,RIOFRIO,7570,False
CASANARE,MONTERREY,7536,False
BOLIVAR,ACHI,7529,False
ANTIOQUIA,COCORNA,7517,False
MAGDALENA,SANTA ANA,7514,False
ANTIOQUIA,FREDONIA,7512,False
VALLE DEL CAUCA,SAN PEDRO,7505,False
MAGDALENA,PUEBLOVIEJO,7457,False
ANTIOQUIA,TAMESIS,7448,False
CORDOBA,BUENAVISTA,7427,False
CESAR,BECERRIL,7417,False
CESAR,SAN DIEGO,7408,False
CUNDINAMARCA,ANAPOIMA,7355,False
TOLIMA,ATACO,7348,False
NARINO,GUACHUCAL,7330,False
MAGDALENA,SAN SEBASTIAN DE BUENAVISTA,7317,False
CORDOBA,MONITOS,7303,False
CORDOBA,PUERTO ESCONDIDO,7291,False
TOLIMA,COYAIMA,7262,False
ANTIOQUIA,SAN CARLOS,7261,False
NARINO,LA CRUZ,7259,False
CESAR,ASTREA,7244,False
CALDAS,SALAMINA,7231,False
CUNDINAMARCA,GUASCA,7223,False
NARINO,PUPIALES,7222,False
CUNDINAMARCA,GACHANCIPA,7220,False
BOLIVAR,CALAMAR,7205,False
HUILA,ALGECIRAS,7165,False
MAGDALENA,NUEVA GRANADA,7142,False
BOYACA,AQUITANIA,7134,False
CUNDINAMARCA,CHOACHI,7129,False
CALDAS,PALESTINA,7102,False
ANTIOQUIA,JARDIN,7070,False
CUNDINAMARCA,SUESCA,7049,False
VICHADA,PUERTO CARRENO,7020,False
CESAR,PAILITAS,7008,False
BOYACA,GARAGOA,6996,False
VALLE DEL CAUCA,YOTOCO,6995,False
ANTIOQUIA,YONDO,6983,False
CESAR,PELAYA,6968,False
ANTIOQUIA,PUERTO TRIUNFO,6963,False
ANTIOQUIA,SAN JUAN DE URABA,6916,False
CAQUETA,EL DONCELLO,6884,False
VALLE DEL CAUCA,BOLIVAR,6862,False
SUCRE,SAN JUAN DE BETULIA,6842,False
META,VISTAHERMOSA,6808,False
CUNDINAMARCA,TOCAIMA,6807,False
NARINO,TAMINANGO,6774,False
VALLE DEL CAUCA,CALIMA,6760,False
CONSULADOS,PANAMA,6736,False
TOLIMA,NATAGAIMA,6723,False
SANTANDER,PUENTE NACIONAL,6722,False
VALLE DEL CAUCA,RESTREPO,6703,False
HUILA,SUAZA,6701,False
TOLIMA,SALDANA,6693,False
ANTIOQUIA,CANASGORDAS,6671,False
CUNDINAMARCA,NEMOCON,6664,False
BOLIVAR,SAN ESTANISLAO,6640,False
CASANARE,MANI,6636,False
CAUCA,GUAPI,6634,False
BOLIVAR,PINILLOS,6600,False
BOLIVAR,CORDOBA,6594,False
ANTIOQUIA,ABEJORRAL,6582,False
CORDOBA,LOS CORDOBAS,6581,False
CUNDINAMARCA,ANOLAIMA,6564,False
ANTIOQUIA,SAN ROQUE,6536,False
NORTE DE SANTANDER,TOLEDO,6528,False
TOLIMA,RIOBLANCO,6458,False
CAUCA,SUAREZ,6449,False
BOLIVAR,VILLANUEVA,6442,False
HUILA,GUADALUPE,6428,False
CUNDINAMARCA,PUERTO SALGAR,6422,False
CORDOBA,PURISIMA DE LA CONCEPCION,6421,False
CAUCA,TIMBIQUI,6408,False
TOLIMA,SAN LUIS,6403,False
CALDAS,PACORA,6392,False
CAUCA,BALBOA,6360,False
HUILA,TARQUI,6317,False
VALLE DEL CAUCA,LA CUMBRE,6316,False
ANTIOQUIA,SAN JERONIMO,6291,False
ATLANTICO,CANDELARIA,6246,False
SANTANDER,EL PLAYON,6164,False
LA GUAJIRA,HATONUEVO,6144,False
CUNDINAMARCA,RICAURTE,6122,False
CAQUETA,CARTAGENA DEL CHAIRA,6102,False
ANTIOQUIA,CONCORDIA,6100,False
BOLIVAR,TURBANA,6086,False
CALDAS,MARQUETALIA,6082,False
ANTIOQUIA,YOLOMBO,6054,False
ANTIOQUIA,AMALFI,6049,False
NARINO,EL TAMBO,6027,False
ATLANTICO,MANATI,6013,False
ANTIOQUIA,REMEDIOS,6009,False
ANTIOQUIA,SAN RAFAEL,5992,False
NARINO,SAN LORENZO,5990,False
SANTANDER,EL CARMEN DE CHUCURI,5988,False
RISARALDA,SANTUARIO,5967,False
VALLE DEL CAUCA,TORO,5961,False
MAGDALENA,EL RETEN,5961,False
CHOCO,RIOSUCIO,5943,False
CUNDINAMARCA,VIOTA,5941,False
CESAR,PUEBLO BELLO,5913,False
CUNDINAMARCA,FOMEQUE,5908,False
ANTIOQUIA,SAN LUIS,5908,False
QUINDIO,FILANDIA,5906,False
CORDOBA,CHIMA,5889,False
CONSULADOS,INGLATERRA,5883,False
ANTIOQUIA,DABEIBA,5883,False
ANTIOQUIA,SOPETRAN,5880,False
VALLE DEL CAUCA,LA VICTORIA,5824,False
CESAR,LA GLORIA,5804,False
CALDAS,ARANZAZU,5791,False
CORDOBA,CANALETE,5775,False
CUNDINAMARCA,ARBELAEZ,5718,False
RISARALDA,GUATICA,5717,False
MAGDALENA,SITIONUEVO,5716,False
CONSULADOS,MEXICO,5714,False
TOLIMA,VENADILLO,5710,False
SUCRE,COVENAS,5686,False
BOLIVAR,MORALES,5672,False
CAUCA,LA VEGA,5657,False
SUCRE,GUARANDA,5649,False
CONSULADOS,FRANCIA,5629,False
RISARALDA,APIA,5624,False
ANTIOQUIA,TARAZA,5616,False
ANTIOQUIA,JERICO,5601,False
BOYACA,TIBASOSA,5577,False
BOYACA,VENTAQUEMADA,5561,False
CALDAS,BELALCAZAR,5556,False
CUNDINAMARCA,AGUA DE DIOS,5542,False
ANTIOQUIA,SALGAR,5530,False
ANTIOQUIA,CACERES,5516,False
PUTUMAYO,SIBUNDOY,5492,False
CUNDINAMARCA,SESQUILE,5487,False
HUILA,LA ARGENTINA,5478,False
CUNDINAMARCA,SIMIJACA,5459,False
ANTIOQUIA,NECHI,5450,False
VALLE DEL CAUCA,ALCALA,5449,False
CORDOBA,LA APARTADA,5435,False
CASANARE,TRINIDAD,5429,False
MAGDALENA,CHIVOLO,5422,False
BOYACA,SANTA ROSA DE VITERBO,5414,False
MAGDALENA,EL PINON,5407,False
ANTIOQUIA,ZARAGOZA,5406,False
ANTIOQUIA,FRONTINO,5395,False
ANTIOQUIA,PUERTO NARE,5394,False
CUNDINAMARCA,CACHIPAY,5394,False
VALLE DEL CAUCA,OBANDO,5385,False
VAUPES,MITU,5367,False
NARINO,EL TABLON DE GOMEZ,5366,False
TOLIMA,SAN ANTONIO,5361,False
SANTANDER,CURITI,5345,False
NARINO,SAN PABLO,5332,False
BOLIVAR,SIMITI,5322,False
VALLE DEL CAUCA,VIJES,5317,False
CAUCA,TOTORO,5288,False
NORTE DE SANTANDER,PUERTO SANTANDER,5279,False
HUILA,TELLO,5274,False
ANTIOQUIA,BETULIA,5272,False
HUILA,PITAL,5271,False
CUNDINAMARCA,SAN FRANCISCO,5268,False
BOYACA,SABOYA,5266,False
ANTIOQUIA,GRANADA,5247,False
CAUCA,MERCADERES,5242,False
META,SAN CARLOS DE GUAROA,5235,False
MAGDALENA,SABANAS DE SAN ANGEL,5228,False
CHOCO,TADO,5209,False
SANTANDER,LOS SANTOS,5201,False
META,FUENTE DE ORO,5199,False
TOLIMA,CARMEN DE APICALA,5198,False
CUNDINAMARCA,SAN ANTONIO DEL TEQUENDAMA,5196,False
HUILA,SALADOBLANCO,5182,False
NARINO,EL CHARCO,5178,False
SANTANDER,CHARALA,5177,False
RISARALDA,MISTRATO,5174,False
PUTUMAYO,SAN MIGUEL,5150,False
NARINO,BARBACOAS,5133,False
CAUCA,JAMBALO,5132,False
PUTUMAYO,PUERTO LEGUIZAMO,5124,False
CUNDINAMARCA,SASAIMA,5124,False
CALDAS,RISARALDA,5106,False
MAGDALENA,ALGARROBO,5086,False
BOYACA,GUATEQUE,5080,False
CUNDINAMARCA,CAPARRAPI,5044,False
ARAUCA,FORTUL,5039,False
CESAR,GAMARRA,5028,False
ATLANTICO,TUBARA,5019,False
CAUCA,ALMAGUER,4986,False
CUNDINAMARCA,GACHETA,4968,False
BOLIVAR,SANTA ROSA,4965,False
SUCRE,LA UNION,4955,False
HUILA,PALESTINA,4943,False
ANTIOQUIA,CISNEROS,4933,False
MAGDALENA,TENERIFE,4926,False
NARINO,CHACHAGUI,4926,False
NORTE DE SANTANDER,CHITAGA,4920,False
SANTANDER,OIBA,4902,False
SUCRE,CAIMITO,4882,False
ATLANTICO,SANTA LUCIA,4859,False
CUNDINAMARCA,GUACHETA,4833,False
HUILA,SANTA MARIA,4829,False
ANTIOQUIA,EBEJICO,4796,False
CUNDINAMARCA,CHIPAQUE,4784,False
CUNDINAMARCA,SAN JUAN DE RIOSECO,4772,False
ANTIOQUIA,VENECIA,4771,False
SUCRE,PALMITO,4767,False
NARINO,CORDOBA,4729,False
NORTE DE SANTANDER,SALAZAR,4703,False
TOLIMA,ARMERO,4699,False
BOYACA,COMBITA,4679,False
NARINO,GUAITARILLA,4641,False
CALDAS,FILADELFIA,4640,False
CESAR,TAMALAMEQUE,4637,False
NORTE DE SANTANDER,CONVENCION,4636,False
META,PUERTO RICO,4635,False
BOLIVAR,SAN MARTIN DE LOBA,4628,False
NARINO,RICAURTE,4618,False
BOYACA,SOATA,4616,False
ANTIOQUIA,ENTRERRIOS,4589,False
CHOCO,ALTO BAUDO,4582,False
VALLE DEL CAUCA,EL DOVIO,4578,False
ANTIOQUIA,GUATAPE,4571,False
SUCRE,BUENAVISTA,4570,False
BOLIVAR,TIQUISIO,4570,False
MAGDALENA,SAN ZENON,4566,False
CASANARE,PORE,4544,False
NARINO,OLAYA HERRERA,4544,False
CUNDINAMARCA,BOJACA,4532,False
SUCRE,EL ROBLE,4529,False
HUILA,TESALIA,4526,False
CUNDINAMARCA,YACOPI,4508,False
LA GUAJIRA,URUMITA,4507,False
NORTE DE SANTANDER,LA ESPERANZA,4506,False
ANTIOQUIA,ITUANGO,4492,False
CAQUETA,EL PAUJIL,4480,False
SANTANDER,LANDAZURI,4478,False
BOYACA,TUTA,4478,False
BOLIVAR,SANTA CATALINA,4470,False
BOYACA,MIRAFLORES,4466,False
HUILA,OPORAPA,4461,False
MAGDALENA,PIJINO DEL CARMEN,4455,False
CALDAS,VICTORIA,4442,False
NORTE DE SANTANDER,EL TARRA,4441,False
LA GUAJIRA,DISTRACCION,4437,False
PUTUMAYO,PUERTO GUZMAN,4410,False
BOLIVAR,CLEMENCIA,4408,False
ATLANTICO,SUAN,4405,False
NARINO,POLICARPA,4391,False
TOLIMA,ICONONZO,4359,False
NARINO,YACUANQUER,4354,False
BOLIVAR,ZAMBRANO,4353,False
ANTIOQUIA,SANTO DOMINGO,4352,False
BOLIVAR,TALAIGUA NUEVO,4346,False
CAQUETA,SAN JOSE DEL FRAGUA,4339,False
ANTIOQUIA,LIBORINA,4325,False
MAGDALENA,CONCORDIA,4307,False
CASANARE,HATO COROZAL,4300,False
SANTANDER,ZAPATOCA,4300,False
BOLIVAR,HATILLO DE LOBA,4300,False
BOYACA,MUZO,4279,False
NARINO,CONSACA,4268,False
NARINO,LINARES,4248,False
ATLANTICO,USIACURI,4245,False
NARINO,PUERRES,4240,False
BOYACA,RAMIRIQUI,4220,False
CUNDINAMARCA,PARATEBUENO,4218,False
PUTUMAYO,PUERTO CAICEDO,4204,False
CUNDINAMARCA,PASCA,4192,False
VICHADA,CUMARIBO,4188,False
CASANARE,OROCUE,4186,False
BOLIVAR,BARRANCO DE LOBA,4184,False
CAUCA,LA SIERRA,4177,False
META,LEJANIAS,4174,False
META,MESETAS,4170,False
SANTANDER,BARICHARA,4156,False
CUNDINAMARCA,APULO,4151,False
BOLIVAR,CICUCO,4135,False
NORTE DE SANTANDER,ARBOLEDAS,4134,False
CAQUETA,LA MONTANITA,4122,False
NARINO,POTOSI,4119,False
SANTANDER,MOGOTES,4117,False
CUNDINAMARCA,TENA,4117,False
NARINO,LA FLORIDA,4105,False
RISARALDA,PUEBLO RICO,4101,False
NORTE DE SANTANDER,CACHIRA,4095,False
NORTE DE SANTANDER,BOCHALEMA,4094,False
ANTIOQUIA,MUTATA,4092,False
CESAR,MANAURE BALCON DEL CESAR,4077,False
GUAVIARE,EL RETORNO,4051,False
CAUCA,ROSAS,4011,False
NARINO,LOS ANDES,4004,False
CASANARE,NUNCHIA,3993,False
HUILA,IQUIRA,3991,False
CUNDINAMARCA,SAN BERNARDO,3990,False
CUNDINAMARCA,MEDINA,3978,False
CUNDINAMARCA,UBALA,3978,False
HUILA,YAGUARA,3975,False
NARINO,TANGUA,3967,False
CUNDINAMARCA,LENGUAZAQUE,3960,False
CAUCA,PURACE,3956,False
CAUCA,LOPEZ DE MICAY,3956,False
VALLE DEL CAUCA,EL AGUILA,3956,False
SUCRE,COLOSO,3950,False
SANTANDER,SUAITA,3943,False
TOLIMA,PRADO,3940,False
CUNDINAMARCA,UNE,3938,False
NORTE DE SANTANDER,EL CARMEN,3899,False
ANTIOQUIA,GOMEZ PLATA,3897,False
TOLIMA,COELLO,3893,False
BOLIVAR,MARGARITA,3883,False
HUILA,AGRADO,3881,False
CHOCO,CONDOTO,3876,False
NARINO,ALBAN,3862,False
HUILA,TERUEL,3838,False
BOYACA,TOCA,3825,False
CUNDINAMARCA,VERGARA,3813,False
SANTANDER,BOLIVAR,3810,False
BOLIVAR,SOPLAVIENTO,3803,False
NORTE DE SANTANDER,SAN CAYETANO,3781,False
CAQUETA,BELEN DE LOS ANDAQUIES,3774,False
QUINDIO,GENOVA,3758,False
SANTANDER,VILLANUEVA,3751,False
BOYACA,BELEN,3740,False
NARINO,SAN BERNARDO,3724,False
LA GUAJIRA,EL MOLINO,3714,False
ANTIOQUIA,NARINO,3709,False
CONSULADOS,COSTA RICA,3708,False
TOLIMA,ALVARADO,3707,False
CAUCA,PADILLA,3706,False
ANTIOQUIA,VEGACHI,3705,False
NORTE DE SANTANDER,CUCUTILLA,3689,False
CUNDINAMARCA,LA PALMA,3676,False
TOLIMA,PALOCABILDO,3649,False
BOYACA,SOTAQUIRA,3634,False
TOLIMA,CUNDAY,3620,False
MAGDALENA,SANTA BARBARA DE PINTO,3618,False
CASANARE,SAN LUIS DE PALENQUE,3609,False
CUNDINAMARCA,GRANADA,3596,False
CUNDINAMARCA,TAUSA,3583,False
BOYACA,SUTAMARCHAN,3566,False
BOLIVAR,SAN FERNANDO,3558,False
CUNDINAMARCA,UBAQUE,3556,False
ANTIOQUIA,MACEO,3549,False
VALLE DEL CAUCA,VERSALLES,3547,False
META,LA MACARENA,3527,False
SANTANDER,SAN ANDRES,3526,False
TOLIMA,ANZOATEGUI,3519,False
MAGDALENA,SALAMINA,3515,False
CUNDINAMARCA,MACHETA,3495,False
TOLIMA,DOLORES,3490,False
MAGDALENA,CERRO DE SAN ANTONIO,3481,False
MAGDALENA,ZAPAYAN,3467,False
CAUCA,SOTARA PAISPAMBA,3462,False
CUNDINAMARCA,GUATAVITA,3462,False
ANTIOQUIA,LA PINTADA,3451,False
RISARALDA,LA CELIA,3419,False
BOYACA,PAUNA,3414,False
CUNDINAMARCA,QUETAME,3410,False
BOYACA,OTANCHE,3405,False
BOYACA,SANTANA,3404,False
META,PUERTO LLERAS,3394,False
MAGDALENA,PEDRAZA,3392,False
CHOCO,MEDIO BAUDO,3378,False
QUINDIO,SALENTO,3373,False
NORTE DE SANTANDER,TEORAMA,3369,False
HUILA,VILLAVIEJA,3364,False
CUNDINAMARCA,NILO,3356,False
BOYACA,SIACHOQUE,3340,False
TOLIMA,VILLAHERMOSA,3334,False
CUNDINAMARCA,QUIPILE,3326,False
CHOCO,ACANDI,3319,False
CUNDINAMARCA,LA PENA,3303,False
BOYACA,UMBITA,3283,False
VICHADA,LA PRIMAVERA,3277,False
CUNDINAMARCA,NOCAIMA,3270,False
CHOCO,RIO QUITO,3270,False
CORDOBA,SAN JOSE DE URE,3270,False
CHOCO,ATRATO,3258,False
CHOCO,BAJO BAUDO,3254,False
CHOCO,LLORO,3253,False
SANTANDER,SIMACOTA,3252,False
BOYACA,SAN PABLO DE BORBUR,3239,False
TOLIMA,AMBALEMA,3237,False
NARINO,ANCUYA,3235,False
HUILA,COLOMBIA,3233,False
SANTANDER,ARATOCA,3231,False
QUINDIO,PIJAO,3224,False
NORTE DE SANTANDER,RAGONVALIA,3223,False
META,SAN JUAN DE ARAMA,3201,False
BOLIVAR,ARROYOHONDO,3169,False
CONSULADOS,ALEMANIA,3157,False
NARINO,ALDANA,3155,False
BOLIVAR,CANTAGALLO,3140,False
BOYACA,SORACA,3120,False
NARINO,CUASPUD CARLOSAMA,3119,False
BOYACA,TIBANA,3118,False
NARINO,LEIVA,3103,False
NORTE DE SANTANDER,GRAMALOTE,3099,False
CUNDINAMARCA,CARMEN DE CARUPA,3093,False
ANTIOQUIA,ANORI,3092,False
BOLIVAR,EL GUAMO,3082,False
NARINO,ILES,3073,False
CUNDINAMARCA,FOSCA,3069,False
ANTIOQUIA,ARGELIA,3067,False
ANTIOQUIA,SABANALARGA,3064,False
ANTIOQUIA,PUEBLORRICO,3062,False
META,CUBARRAL,3062,False
NARINO,COLON,3060,False
ANTIOQUIA,BETANIA,3056,False
BOLIVAR,RIO VIEJO,3051,False
BOYACA,CHITA,3043,False
CHOCO,MEDIO SAN JUAN,3040,False
NARINO,SAN PEDRO DE CARTAGO,3029,False
NARINO,IMUES,3021,False
BOLIVAR,SAN CRISTOBAL,3018,False
META,CABUYARO,3016,False
SANTANDER,TONA,3015,False
CHOCO,BAHIA SOLANO,3014,False
ANTIOQUIA,TITIRIBI,3013,False
SANTANDER,LA BELLEZA,3009,False
HUILA,PAICOL,3009,False
META,PUERTO CONCORDIA,3004,False
BOYACA,SOCHA,3004,False
BOYACA,SOCOTA,2990,False
SANTANDER,MATANZA,2988,False
CUNDINAMARCA,CUCUNUBA,2983,False
BOYACA,PESCA,2980,False
ANTIOQUIA,ANGOSTURA,2966,False
CUNDINAMARCA,ALBAN,2921,False
BOYACA,FIRAVITOBA,2921,False
NARINO,GUALMATAN,2916,False
BOYACA,MARIPI,2909,False
VALLE DEL CAUCA,EL CAIRO,2907,False
CUNDINAMARCA,GUAYABETAL,2903,False
HUILA,HOBO,2898,False
ANTIOQUIA,PEQUE,2888,False
NARINO,EL ROSARIO,2887,False
TOLIMA,PIEDRAS,2874,False
MAGDALENA,REMOLINO,2869,False
CUNDINAMARCA,SUSA,2868,False
NARINO,ARBOLEDA,2861,False
ANTIOQUIA,MONTEBELLO,2860,False
CAUCA,SAN SEBASTIAN,2856,False
NARINO,BELEN,2853,False
META,EL CASTILLO,2851,False
ANTIOQUIA,BURITICA,2848,False
SANTANDER,GUACA,2824,False
BOYACA,RAQUIRA,2824,False
SANTANDER,CERRITO,2822,False
CALDAS,MARMATO,2810,False
META,BARRANCA DE UPIA,2798,False
CALDAS,NORCASIA,2798,False
TOLIMA,SANTA ISABEL,2797,False
META,URIBE,2797,False
ANTIOQUIA,VALDIVIA,2796,False
VALLE DEL CAUCA,ARGELIA,2793,False
CUNDINAMARCA,JUNIN,2789,False
TOLIMA,FALAN,2784,False
NARINO,EL PENOL,2777,False
CHOCO,EL CARMEN DE ATRATO,2770,False
SANTANDER,VALLE DE SAN JOSE,2759,False
CHOCO,UNGUIA,2752,False
HUILA,BARAYA,2750,False
BOYACA,QUIPAMA,2749,False
BOYACA,MOTAVITA,2744,False
NORTE DE SANTANDER,SAN CALIXTO,2739,False
NARINO,FUNES,2739,False
TOLIMA,HERVEO,2733,False
CUNDINAMARCA,UTICA,2725,False
NARINO,NARINO,2723,False
RISARALDA,BALBOA,2713,False
ATLANTICO,PIOJO,2708,False
ANTIOQUIA,CAICEDO,2707,False
ANTIOQUIA,VALPARAISO,2705,False
NORTE DE SANTANDER,PAMPLONITA,2705,False
BOYACA,CHITARAQUE,2699,False
BOYACA,JENESANO,2694,False
NARINO,ROBERTO PAYAN,2690,False
ANTIOQUIA,URAMITA,2689,False
CALDAS,SAN JOSE,2689,False
CUNDINAMARCA,ZIPACON,2680,False
SANTANDER,CAPITANEJO,2671,False
SANTANDER,SUCRE,2667,False
NARINO,CUMBITARA,2666,False
TOLIMA,CASABIANCA,2658,False
BOLIVAR,MONTECRISTO,2656,False
BOYACA,ARCABUCO,2654,False
CAQUETA,CURILLO,2647,False
CONSULADOS,ITALIA,2635,False
QUINDIO,CORDOBA,2632,False
NORTE DE SANTANDER,SILOS,2631,False
CUNDINAMARCA,QUEBRADANEGRA,2624,False
NORTE DE SANTANDER,LABATECA,2623,False
CALDAS,LA MERCED,2619,False
BOYACA,MONGUA,2610,False
TOLIMA,VALLE DE SAN JUAN,2607,False
ANTIOQUIA,SAN FRANCISCO,2605,False
BOLIVAR,EL PENON,2598,False
SANTANDER,PUERTO PARRA,2597,False
NARINO,SANTACRUZ,2597,False
BOLIVAR,SAN JACINTO DEL CAUCA,2596,False
NARINO,MALLAMA,2594,False
BOYACA,SAN JOSE DE PARE,2592,False
HUILA,NATAGA,2591,False
PUTUMAYO,SANTIAGO,2589,False
SANTANDER,CONCEPCION,2584,False
CHOCO,EL LITORAL DEL SAN JUAN,2570,False
CAUCA,SUCRE,2567,False
ANTIOQUIA,ANGELOPOLIS,2564,False
BOYACA,TURMEQUE,2564,False
BOYACA,BUENAVISTA,2560,False
NORTE DE SANTANDER,HACARI,2557,False
NORTE DE SANTANDER,DURANIA,2545,False
CASANARE,TAMARA,2537,False
CUNDINAMARCA,MANTA,2532,False
BOYACA,SAN LUIS DE GACENO,2523,False
NARINO,CONTADERO,2522,False
BOYACA,BOAVITA,2491,False
NORTE DE SANTANDER,LA PLAYA,2483,False
ANTIOQUIA,ANZA,2483,False
ANTIOQUIA,CARAMANTA,2472,False
ANTIOQUIA,GIRALDO,2469,False
NARINO,SAPUYES,2469,False
SANTANDER,SAN JOSE DE MIRANDA,2463,False
CUNDINAMARCA,GUAYABAL DE SIQUIMA,2458,False
ANTIOQUIA,YALI,2446,False
CUNDINAMARCA,GACHALA,2440,False
CUNDINAMARCA,SUTATAUSA,2429,False
CHOCO,BAGADO,2427,False
CUNDINAMARCA,SUPATA,2420,False
ANTIOQUIA,HELICONIA,2419,False
TOLIMA,VILLARRICA,2384,False
SANTANDER,BETULIA,2372,False
CONSULADOS,ARUBA,2366,False
BOLIVAR,ARENAL,2355,False
SANTANDER,GUADALUPE,2350,False
SANTANDER,COROMORO,2331,False
SUCRE,CHALAN,2326,False
CONSULADOS,PERU,2325,False
CAUCA,PIAMONTE,2301,False
BOYACA,PAZ DE RIO,2296,False
CUNDINAMARCA,FUQUENE,2289,False
PUTUMAYO,COLON,2286,False
NARINO,MAGUI,2265,False
TOLIMA,SUAREZ,2257,False
ANTIOQUIA,BELMIRA,2257,False
CUNDINAMARCA,EL PENON,2252,False
BOLIVAR,ALTOS DEL ROSARIO,2231,False
CAUCA,FLORENCIA,2230,False
CONSULADOS,BRASIL,2225,False
BOYACA,SACHICA,2210,False
PUTUMAYO,SAN FRANCISCO,2209,False
ANTIOQUIA,ALEJANDRIA,2203,False
ANTIOQUIA,HISPANIA,2199,False
BOYACA,CERINZA,2187,False
VALLE DEL CAUCA,ULLOA,2186,False
NARINO,OSPINA,2186,False
SANTANDER,FLORIAN,2179,False
CUNDINAMARCA,PAIME,2162,False
CUNDINAMARCA,TIBACUY,2162,False
BOYACA,NUEVO COLON,2161,False
CUNDINAMARCA,PANDI,2160,False
ANTIOQUIA,CONCEPCION,2160,False
BOYACA,GUAYATA,2159,False
SANTANDER,PARAMO,2151,False
BOYACA,MONGUI,2150,False
BOYACA,CUBARA,2147,False
CAQUETA,VALPARAISO,2146,False
NORTE DE SANTANDER,BUCARASICA,2146,False
NARINO,PROVIDENCIA,2144,False
CHOCO,UNION PANAMERICANA,2134,False
NARINO,MOSQUERA,2128,False
ANTIOQUIA,BRICENO,2125,False
NORTE DE SANTANDER,VILLA CARO,2119,False
BOLIVAR,REGIDOR,2104,False
CUNDINAMARCA,SAN CAYETANO,2100,False
CHOCO,MEDIO ATRATO,2096,False
ANTIOQUIA,VIGIA DEL FUERTE,2095,False
CUNDINAMARCA,VIANI,2095,False
SANTANDER,GUEPSA,2089,False
BOYACA,SUTATENZA,2088,False
SANTANDER,CHARTA,2085,False
BOYACA,TASCO,2080,False
BOYACA,GAMEZA,2078,False
NORTE DE SANTANDER,LOURDES,2071,False
SANTANDER,OCAMONTE,2068,False
CHOCO,CARMEN DEL DARIEN,2067,False
ANTIOQUIA,TARSO,2059,False
TOLIMA,ALPUJARRA,2055,False
SANTANDER,PINCHOTE,2051,False
BOYACA,ZETAQUIRA,2048,False
BOYACA,TOGUI,2040,False
SANTANDER,MOLAGAVITA,2020,False
CHOCO,CERTEGUI,2011,False
BOYACA,CIENEGA,2009,False
ANTIOQUIA,GUADALUPE,2006,False
ANTIOQUIA,SAN ANDRES DE CUERQUIA,2003,False
CHOCO,EL CANTON DEL SAN PABLO,2001,False
SANTANDER,GUAVATA,1996,False
SANTANDER,SURATA,1986,False
BOYACA,SAN MATEO,1985,False
BOYACA,TOPAGA,1979,False
BOYACA,MACANAL,1967,False
CHOCO,NOVITA,1965,False
GUAVIARE,CALAMAR,1955,False
BOYACA,EL COCUY,1949,False
CAQUETA,ALBANIA,1945,False
CAQUETA,MILAN,1937,False
CONSULADOS,SUIZA,1930,False
CUNDINAMARCA,NIMAIMA,1927,False
NORTE DE SANTANDER,HERRAN,1917,False
META,MAPIRIPAN,1914,False
META,EL DORADO,1912,False
AMAZONAS,PUERTO NARINO,1910,False
ANTIOQUIA,ARMENIA,1905,False
SANTANDER,CARCASI,1903,False
TOLIMA,RONCESVALLES,1901,False
HUILA,ELIAS,1893,False
CUNDINAMARCA,TOPAIPI,1879,False
ANTIOQUIA,CAROLINA,1870,False
CUNDINAMARCA,CHAGUANI,1864,False
NORTE DE SANTANDER,SANTIAGO,1864,False
CAQUETA,SOLANO,1837,False
LA GUAJIRA,LA JAGUA DEL PILAR,1829,False
CUNDINAMARCA,CABRERA,1827,False
BOYACA,FLORESTA,1808,False
CUNDINAMARCA,VENECIA,1807,False
SANTANDER,ONZAGA,1806,False
ANTIOQUIA,CAMPAMENTO,1805,False
BOYACA,TENZA,1802,False
CAQUETA,SOLITA,1789,False
BOYACA,TINJACA,1789,False
BOYACA,BOYACA,1777,False
CUNDINAMARCA,GUTIERREZ,1766,False
NORTE DE SANTANDER,MUTISCUA,1744,False
BOYACA,CUCAITA,1734,False
BOYACA,SANTA SOFIA,1732,False
CAUCA,SANTA ROSA,1727,False
BOYACA,GACHANTIVA,1723,False
CUNDINAMARCA,GAMA,1722,False
BOYACA,TOTA,1722,False
SANTANDER,LA PAZ,1721,False
CAQUETA,MORELIA,1714,False
SANTANDER,ENCISO,1710,False
BOYACA,CHISCAS,1702,False
SANTANDER,GAMBITA,1700,False
BOYACA,GUICAN DE LA SIERRA,1694,False
CHOCO,BOJAYA,1690,False
HUILA,ALTAMIRA,1684,False
NARINO,LA LLANADA,1684,False
CASANARE,SABANALARGA,1681,False
ANTIOQUIA,CARACOLI,1680,False
BOYACA,TIPACOQUE,1678,False
SANTANDER,CONTRATACION,1668,False
SANTANDER,CHIPATA,1648,False
ANTIOQUIA,TOLEDO,1647,False
NARINO,FRANCISCO PIZARRO,1647,False
BOYACA,OICATA,1638,False
TOLIMA,MURILLO,1637,False
CHOCO,RIO IRO,1633,False
BOYACA,SANTA MARIA,1633,False
CESAR,GONZALEZ,1630,False
BOYACA,COPER,1624,False
SANTANDER,EL PENON,1609,False
NARINO,LA TOLA,1609,False
ARAUCA,PUERTO RONDON,1607,False
NARINO,SANTA BARBARA,1600,False
SANTANDER,JESUS MARIA,1595,False
BOYACA,CALDAS,1588,False
CUNDINAMARCA,TIBIRITA,1575,False
BOYACA,JERICO,1572,False
BOLIVAR,NOROSI,1563,False
BOYACA,CHINAVITA,1557,False
SANTANDER,ALBANIA,1557,False
SANTANDER,CONFINES,1547,False
ANTIOQUIA,SAN JOSE DE LA MONTANA,1547,False
CHOCO,NUQUI,1541,False
BOYACA,LABRANZAGRANDE,1536,False
BOYACA,PAEZ,1532,False
BOYACA,CHIVATA,1519,False
BOYACA,CHIQUIZA,1516,False
BOYACA,COVARACHIA,1500,False
VICHADA,SANTA ROSALIA,1498,False
ANTIOQUIA,OLAYA,1497,False
BOYACA,SAN MIGUEL DE SEMA,1496,False
SANTANDER,GALAN,1489,False
BOYACA,SUSACON,1475,False
CUNDINAMARCA,PULI,1472,False
SANTANDER,PALMAS DEL SOCORRO,1452,False
BOYACA,LA CAPILLA,1426,False
NORTE DE SANTANDER,CACOTA,1422,False
QUINDIO,BUENAVISTA,1409,False
SANTANDER,SANTA HELENA DEL OPON,1407,False
BOYACA,CORRALES,1401,False
BOYACA,CAMPOHERMOSO,1381,False
BOYACA,LA UVITA,1380,False
ARAUCA,CRAVO NORTE,1368,False
BOYACA,VIRACACHA,1365,False
BOYACA,SOMONDOCO,1353,False
SANTANDER,SAN BENITO,1346,False
BOYACA,SORA,1342,False
BOYACA,EL ESPINO,1329,False
BOYACA,SATIVANORTE,1275,False
CUNDINAMARCA,BITUIMA,1275,False
BOYACA,IZA,1270,False
CONSULADOS,PAISES BAJOS,1244,False
BOYACA,RONDON,1232,False
CONSULADOS,EMIRATOS ARABES UNIDOS,1214,False
SANTANDER,CHIMA,1213,False
CONSULADOS,BELGICA,1210,False
CUNDINAMARCA,JERUSALEN,1209,False
CUNDINAMARCA,NARINO,1206,False
ARCHIPIELAGO DE SAN ANDRES PROVIDENCIA Y SANTA CATALINA,PROVIDENCIA,1198,False
CHOCO,SAN JOSE DEL PALMAR,1191,False
SANTANDER,SAN MIGUEL,1187,False
BOYACA,BRICENO,1181,False
CALDAS,MARULANDA,1169,False
SANTANDER,SANTA BARBARA,1166,False
CASANARE,CHAMEZA,1127,False
GUAVIARE,MIRAFLORES,1112,False
SANTANDER,CALIFORNIA,1111,False
SANTANDER,MACARAVITA,1102,False
CUNDINAMARCA,VILLAGOMEZ,1084,False
CUNDINAMARCA,BELTRAN,1084,False
SANTANDER,ENCINO,1070,False
BOYACA,PACHAVITA,1063,False
SANTANDER,CEPITA,1061,False
BOYACA,TUTAZA,1055,False
SANTANDER,SAN JOAQUIN,1053,False
BOYACA,CHIVOR,1048,False
CUNDINAMARCA,GUATAQUI,1041,False
CONSULADOS,REPUBLICA DOMINICANA,1032,False
SANTANDER,GUAPOTA,1019,False
BOYACA,CUITIVA,1001,False
ANTIOQUIA,ABRIAQUI,994,False
BOYACA,ALMEIDA,980,False
SANTANDER,CABRERA,973,False
SANTANDER,VETAS,958,False
SANTANDER,HATO,956,False
SANTANDER,EL GUACAMAYO,952,False
BOYACA,BETEITIVA,932,False
ANTIOQUIA,MURINDO,930,False
BOYACA,GUACAMAYAS,922,False
BOYACA,PAYA,899,False
BOYACA,PAJARITO,898,False
BOYACA,PANQUEBA,874,False
BOYACA,SAN EDUARDO,851,False
META,EL CALVARIO,849,False
BOYACA,LA VICTORIA,843,False
CHOCO,SIPI,821,False
META,SAN JUANITO,796,False
CASANARE,RECETOR,759,False
CONSULADOS,CURAZAO,753,False
BOYACA,BERBEO,741,False
CONSULADOS,PUERTO RICO,736,False
CHOCO,JURADO,732,False
SANTANDER,AGUADA,726,False
SANTANDER,PALMAR,724,False
SANTANDER,JORDAN,720,False
BOYACA,TUNUNGUA,717,False
CONSULADOS,GUATEMALA,684,False
CASANARE,SACAMA,682,False
CONSULADOS,NUEVA ZELANDA,673,False
CONSULADOS,SUECIA,649,False
GUAINIA,BARRANCOMINAS,591,False
AMAZONAS,LA CHORRERA,565,False
CONSULADOS,AUSTRIA,560,False
BOYACA,PISBA,557,False
VAUPES,CARURU,536,False
BOYACA,BUSBANZA,530,False
BOYACA,SATIVASUR,504,False
CONSULADOS,CHINA REPUBLICA POPULAR,473,False
CASANARE,LA SALINA,468,False
CONSULADOS,BOLIVIA,456,False
VAUPES,TARAIRA,375,False
CONSULADOS,URUGUAY,373,False
AMAZONAS,TARAPACA,370,False
CONSULADOS,ISRAEL,345,False
CONSULADOS,PORTUGAL,318,False
AMAZONAS,EL ENCANTO,308,False
VAUPES,YAVARATE,298,False
CONSULADOS,JAPON,286,False
GUAINIA,SAN FELIPE,261,False
CONSULADOS,EL SALVADOR,240,False
AMAZONAS,LA PEDRERA,231,False
CONSULADOS,CUBA,229,False
CONSULADOS,HONDURAS,222,False
CONSULADOS,PARAGUAY,212,False
CONSULADOS,NORUEGA,192,False
VAUPES,PACOA,181,False
CONSULADOS,RUSIA,174,False
AMAZONAS,PUERTO SANTANDER,168,False
GUAINIA,PANA PANA,150,False
AMAZONAS,PUERTO ARICA,146,False
CONSULADOS,FINLANDIA,146,False
CONSULADOS,REPUBLICA DE SINGAPUR,141,False
CONSULADOS,NICARAGUA,137,False
CONSULADOS,IRLANDA,130,False
GUAINIA,PUERTO COLOMBIA,124,False
CONSULADOS,POLONIA,117,False
CONSULADOS,SUDAFRICA,113,False
CONSULADOS,LIBANO,101,False
CONSULADOS,TURQUIA,99,False
CONSULADOS,TRINIDAD Y TOBAGO,97,False
GUAINIA,MAPIRIPANA,97,False
CONSULADOS,COREA DEL SUR,95,False
CONSULADOS,DINAMARCA,88,False
CONSULADOS,REPUBLICA DE FILIPINAS,80,False
CONSULADOS,JAMAICA,80,False
AMAZONAS,MIRITI  PARANA,77,False
AMAZONAS,PUERTO ALEGRIA,75,False
CONSULADOS,LUXEMBURGO,72,False
CONSULADOS,TAILANDIA,62,False
CONSULADOS,MALASIA,60,False
GUAINIA,MORICHAL,54,False
GUAINIA,LA GUADALUPE,52,False
CONSULADOS,GRECIA,47,False
CONSULADOS,INDONESIA,41,False
CONSULADOS,EGIPTO,39,False
CONSULADOS,KENIA,31,False
CONSULADOS,BELICE,29,False
CONSULADOS,CHIPRE,25,False
VAUPES,PAPUNAHUA,23,False
CONSULADOS,REPUBLICA SOCIALISTA DE VIETNAM,21,False
GUAINIA,CACAHUAL,20,False
CONSULADOS,INDIA,20,False
AMAZONAS,LA VICTORIA,19,False
CONSULADOS,MARRUECOS,18,False
CONSULADOS,AZERBAIYAN,18,False
CONSULADOS,GHANA,16,False
CONSULADOS,ARGELIA,8,False
